,learning_rate,batch_size,l2_regularization,dropout_rate,momentum,weight_decay,accuracy
0,0.1,32,,,,,0.8268827676773072
1,0.1,64,,,,,0.8324901223182678
2,0.05,32,,,,,0.8277254581451416
3,0.05,64,,,,,0.8383834719657898
4,0.01,32,,,,,0.8417491436004638
5,0.01,64,,,,,0.828836464881897
6,0.005,32,,,,,0.8316497802734375
7,0.005,64,,,,,0.8319294929504395
8,0.001,32,,,,,0.8288451194763183
9,0.001,64,,,,,0.8291216969490052
